Unnamed: 0,PClass,Sibling,Survived,encodeGender_male,Embarked_Q,Embarked_S
0,3,1,0,1,0,1
1,1,1,1,0,0,0
2,3,0,1,0,0,1
3,1,1,1,0,0,1
4,3,0,0,1,0,1
5,3,0,0,1,1,0
6,1,0,0,1,0,1
7,3,3,0,1,0,1
8,3,0,1,0,0,1
9,2,1,1,0,0,0
10,3,1,1,0,0,1
11,1,0,1,0,0,1
12,3,0,0,1,0,1
13,3,1,0,1,0,1
14,3,0,0,0,0,1
15,2,0,1,0,0,1
16,3,4,0,1,1,0
17,2,0,1,1,0,1
18,3,1,0,0,0,1
19,3,0,1,0,0,0
20,2,0,0,1,0,1
21,2,0,1,1,0,1
22,3,0,1,0,1,0
23,1,0,1,1,0,1
24,3,3,0,0,0,1
25,3,1,1,0,0,1
26,3,0,0,1,0,0
27,1,3,0,1,0,1
28,3,0,1,0,1,0
29,3,0,0,1,0,1
30,1,0,0,1,0,0
31,1,1,1,0,0,0
32,3,0,1,0,1,0
33,2,0,0,1,0,1
34,1,1,0,1,0,0
35,1,1,0,1,0,1
36,3,0,1,1,0,0
37,3,0,0,1,0,1
38,3,2,0,0,0,1
39,3,1,1,0,0,0
40,3,1,0,0,0,1
41,2,1,0,0,0,1
42,3,0,0,1,0,0
43,2,1,1,0,0,0
44,3,0,1,0,1,0
45,3,0,0,1,0,1
46,3,1,0,1,1,0
47,3,0,1,0,1,0
48,3,2,0,1,0,0
49,3,1,0,0,0,1
50,3,4,0,1,0,1
51,3,0,0,1,0,1
52,1,1,1,0,0,0
53,2,1,1,0,0,1
54,1,0,0,1,0,0
55,1,0,1,1,0,1
56,2,0,1,0,0,1
57,3,0,0,1,0,0
58,2,1,1,0,0,1
59,3,5,0,1,0,1
60,3,0,0,1,0,0
61,1,0,1,0,0,0
62,1,1,0,1,0,1
63,3,3,0,1,0,1
64,1,0,0,1,0,0
65,3,1,1,1,0,0
66,2,0,1,0,0,1
67,3,0,0,1,0,1
68,3,4,1,0,0,1
69,3,2,0,1,0,1
70,2,0,0,1,0,1
71,3,5,0,0,0,1
72,2,0,0,1,0,1
73,3,1,0,1,0,0
74,3,0,1,1,0,1
75,3,0,0,1,0,1
76,3,0,0,1,0,1
77,3,0,0,1,0,1
78,2,0,1,1,0,1
79,3,0,1,0,0,1
80,3,0,0,1,0,1
81,3,0,1,1,0,1
82,3,0,1,0,1,0
83,1,0,0,1,0,1
84,2,0,1,0,0,1
85,3,3,1,0,0,1
86,3,1,0,1,0,1
87,3,0,0,1,0,1
88,1,3,1,0,0,1
89,3,0,0,1,0,1
90,3,0,0,1,0,1
91,3,0,0,1,0,1
92,1,1,0,1,0,1
93,3,1,0,1,0,1
94,3,0,0,1,0,1
95,3,0,0,1,0,1
96,1,0,0,1,0,0
97,1,0,1,1,0,0
98,2,0,1,0,0,1
99,2,1,0,1,0,1
100,3,0,0,0,0,1
101,3,0,0,1,0,1
102,1,0,0,1,0,1
103,3,0,0,1,0,1
104,3,2,0,1,0,1
105,3,0,0,1,0,1
106,3,0,1,0,0,1
107,3,0,1,1,0,1
108,3,0,0,1,0,1
109,3,1,1,0,1,0
110,1,0,0,1,0,1
111,3,1,0,0,0,0
112,3,0,0,1,0,1
113,3,1,0,0,0,1
114,3,0,0,0,0,0
115,3,0,0,1,0,1
116,3,0,0,1,1,0
117,2,1,0,1,0,1
118,1,0,0,1,0,0
119,3,4,0,0,0,1
120,2,2,0,1,0,1
121,3,0,0,1,0,1
122,2,1,0,1,0,0
123,2,0,1,0,0,1
124,1,0,0,1,0,1
125,3,1,1,1,0,0
126,3,0,0,1,1,0
127,3,0,1,1,0,1
128,3,1,1,0,0,0
129,3,0,0,1,0,1
130,3,0,0,1,0,0
131,3,0,0,1,0,1
132,3,1,0,0,0,1
133,2,1,1,0,0,1
134,2,0,0,1,0,1
135,2,0,0,1,0,0
136,1,0,1,0,0,1
137,1,1,0,1,0,1
138,3,0,0,1,0,1
139,1,0,0,1,0,0
140,3,0,0,0,0,0
141,3,0,1,0,0,1
142,3,1,1,0,0,1
143,3,0,0,1,1,0
144,2,0,0,1,0,1
145,2,1,0,1,0,1
146,3,0,1,1,0,1
147,3,2,0,0,0,1
148,2,0,0,1,0,1
149,2,0,0,1,0,1
150,2,0,0,1,0,1
151,1,1,1,0,0,1
152,3,0,0,1,0,1
153,3,0,0,1,0,1
154,3,0,0,1,0,1
155,1,0,0,1,0,0
156,3,0,1,0,1,0
157,3,0,0,1,0,1
158,3,0,0,1,0,1
159,3,8,0,1,0,1
160,3,0,0,1,0,1
161,2,0,1,0,0,1
162,3,0,0,1,0,1
163,3,0,0,1,0,1
164,3,4,0,1,0,1
165,3,0,1,1,0,1
166,1,0,1,0,0,1
167,3,1,0,0,0,1
168,1,0,0,1,0,1
169,3,0,0,1,0,1
170,1,0,0,1,0,1
171,3,4,0,1,1,0
172,3,1,1,0,0,1
173,3,0,0,1,0,1
174,1,0,0,1,0,0
175,3,1,0,1,0,1
176,3,3,0,1,0,1
177,1,0,0,0,0,0
178,2,0,0,1,0,1
179,3,0,0,1,0,1
180,3,8,0,0,0,1
181,2,0,0,1,0,0
182,3,4,0,1,0,1
183,2,2,1,1,0,1
184,3,0,1,0,0,1
185,1,0,0,1,0,1
186,3,1,1,0,1,0
187,1,0,1,1,0,1
188,3,1,0,1,1,0
189,3,0,0,1,0,1
190,2,0,1,0,0,1
191,2,0,0,1,0,1
192,3,1,1,0,0,1
193,2,1,1,1,0,1
194,1,0,1,0,0,0
195,1,0,1,0,0,0
196,3,0,0,1,1,0
197,3,0,0,1,0,1
198,3,0,1,0,1,0
199,2,0,0,0,0,1
200,3,0,0,1,0,1
201,3,8,0,1,0,1
202,3,0,0,1,0,1
203,3,0,0,1,0,0
204,3,0,1,1,0,1
205,3,0,0,0,0,1
206,3,1,0,1,0,1
207,3,0,1,1,0,0
208,3,0,1,0,1,0
209,1,0,1,1,0,0
210,3,0,0,1,0,1
211,2,0,1,0,0,1
212,3,0,0,1,0,1
213,2,0,0,1,0,1
214,3,1,0,1,1,0
215,1,1,1,0,0,0
216,3,0,1,0,0,1
217,2,1,0,1,0,1
218,1,0,1,0,0,0
219,2,0,0,1,0,1
220,3,0,1,1,0,1
221,2,0,0,1,0,1
222,3,0,0,1,0,1
223,3,0,0,1,0,1
224,1,1,1,1,0,1
225,3,0,0,1,0,1
226,2,0,1,1,0,1
227,3,0,0,1,0,1
228,2,0,0,1,0,1
229,3,3,0,0,0,1
230,1,1,1,0,0,1
231,3,0,0,1,0,1
232,2,0,0,1,0,1
233,3,4,1,0,0,1
234,2,0,0,1,0,1
235,3,0,0,0,0,1
236,2,1,0,1,0,1
237,2,0,1,0,0,1
238,2,0,0,1,0,1
239,2,0,0,1,0,1
240,3,1,0,0,0,0
241,3,1,1,0,1,0
242,2,0,0,1,0,1
243,3,0,0,1,0,1
244,3,0,0,1,0,0
245,1,2,0,1,1,0
246,3,0,0,0,0,1
247,2,0,1,0,0,1
248,1,1,1,1,0,1
249,2,1,0,1,0,1
250,3,0,0,1,0,1
251,3,1,0,0,0,1
252,1,0,0,1,0,1
253,3,1,0,1,0,1
254,3,0,0,0,0,1
255,3,0,1,0,0,0
256,1,0,1,0,0,0
257,1,0,1,0,0,1
258,1,0,1,0,0,0
259,2,0,1,0,0,1
260,3,0,0,1,1,0
261,3,4,1,1,0,1
262,1,1,0,1,0,1
263,1,0,0,1,0,1
264,3,0,0,0,1,0
265,2,0,0,1,0,1
266,3,4,0,1,0,1
267,3,1,1,1,0,1
268,1,0,1,0,0,1
269,1,0,1,0,0,1
270,1,0,0,1,0,1
271,3,0,1,1,0,1
272,2,0,1,0,0,1
273,1,0,0,1,0,0
274,3,0,1,0,1,0
275,1,1,1,0,0,1
276,3,0,0,0,0,1
277,2,0,0,1,0,1
278,3,4,0,1,1,0
279,3,1,1,0,0,1
280,3,0,0,1,1,0
281,3,0,0,1,0,1
282,3,0,0,1,0,1
283,3,0,1,1,0,1
284,1,0,0,1,0,1
285,3,0,0,1,0,0
286,3,0,1,1,0,1
287,3,0,0,1,0,1
288,2,0,1,1,0,1
289,3,0,1,0,1,0
290,1,0,1,0,0,1
291,1,1,1,0,0,0
292,2,0,0,1,0,0
293,3,0,0,0,0,1
294,3,0,0,1,0,1
295,1,0,0,1,0,0
296,3,0,0,1,0,0
297,1,1,0,0,0,1
298,1,0,1,1,0,1
299,1,0,1,0,0,0
300,3,0,1,0,1,0
301,3,2,1,1,1,0
302,3,0,0,1,0,1
303,2,0,1,0,1,0
304,3,0,0,1,0,1
305,1,1,1,1,0,1
306,1,0,1,0,0,0
307,1,1,1,0,0,0
308,2,1,0,1,0,0
309,1,0,1,0,0,0
310,1,0,1,0,0,0
311,1,2,1,0,0,0
312,2,1,0,0,0,1
313,3,0,0,1,0,1
314,2,1,0,1,0,1
315,3,0,1,0,0,1
316,2,1,1,0,0,1
317,2,0,0,1,0,1
318,1,0,1,0,0,1
319,1,1,1,0,0,0
320,3,0,0,1,0,1
321,3,0,0,1,0,1
322,2,0,1,0,1,0
323,2,1,1,0,0,1
324,3,8,0,1,0,1
325,1,0,1,0,0,0
326,3,0,0,1,0,1
327,2,0,1,0,0,1
328,3,1,1,0,0,1
329,1,0,1,0,0,0
330,3,2,1,0,1,0
331,1,0,0,1,0,1
332,1,0,0,1,0,1
333,3,2,0,1,0,1
334,1,1,1,0,0,1
335,3,0,0,1,0,1
336,1,1,0,1,0,1
337,1,0,1,0,0,0
338,3,0,1,1,0,1
339,1,0,0,1,0,1
340,2,1,1,1,0,1
341,1,3,1,0,0,1
342,2,0,0,1,0,1
343,2,0,0,1,0,1
344,2,0,0,1,0,1
345,2,0,1,0,0,1
346,2,0,1,0,0,1
347,3,1,1,0,0,1
348,3,1,1,1,0,1
349,3,0,0,1,0,1
350,3,0,0,1,0,1
351,1,0,0,1,0,1
352,3,1,0,1,0,0
353,3,1,0,1,0,1
354,3,0,0,1,0,0
355,3,0,0,1,0,1
356,1,0,1,0,0,1
357,2,0,0,0,0,1
358,3,0,1,0,1,0
359,3,0,1,0,1,0
360,3,1,0,1,0,1
361,2,1,0,1,0,0
362,3,0,0,0,0,0
363,3,0,0,1,0,1
364,3,1,0,1,1,0
365,3,0,0,1,0,1
366,1,1,1,0,0,0
367,3,0,1,0,0,0
368,3,0,1,0,1,0
369,1,0,1,0,0,0
370,1,1,1,1,0,0
371,3,1,0,1,0,1
372,3,0,0,1,0,1
373,1,0,0,1,0,0
374,3,3,0,0,0,1
375,1,1,1,0,0,0
376,3,0,1,0,0,1
377,1,0,0,1,0,0
378,3,0,0,1,0,0
379,3,0,0,1,0,1
380,1,0,1,0,0,0
381,3,0,1,0,0,0
382,3,0,0,1,0,1
383,1,1,1,0,0,1
384,3,0,0,1,0,1
385,2,0,0,1,0,1
386,3,5,0,1,0,1
387,2,0,1,0,0,1
388,3,0,0,1,1,0
389,2,0,1,0,0,0
390,1,1,1,1,0,1
391,3,0,1,1,0,1
392,3,2,0,1,0,1
393,1,1,1,0,0,0
394,3,0,1,0,0,1
395,3,0,0,1,0,1
396,3,0,0,0,0,1
397,2,0,0,1,0,1
398,2,0,0,1,0,1
399,2,0,1,0,0,1
400,3,0,1,1,0,1
401,3,0,0,1,0,1
402,3,1,0,0,0,1
403,3,1,0,1,0,1
404,3,0,0,0,0,1
405,2,1,0,1,0,1
406,3,0,0,1,0,1
407,2,1,1,1,0,1
408,3,0,0,1,0,1
409,3,3,0,0,0,1
410,3,0,0,1,0,1
411,3,0,0,1,1,0
412,1,1,1,0,1,0
413,2,0,0,1,0,1
414,3,0,1,1,0,1
415,3,0,0,0,0,1
416,2,1,1,0,0,1
417,2,0,1,0,0,1
418,2,0,0,1,0,1
419,3,0,0,0,0,1
420,3,0,0,1,0,0
421,3,0,0,1,1,0
422,3,0,0,1,0,1
423,3,1,0,0,0,1
424,3,1,0,1,0,1
425,3,0,0,1,0,1
426,2,1,1,0,0,1
427,2,0,1,0,0,1
428,3,0,0,1,1,0
429,3,0,1,1,0,1
430,1,0,1,1,0,1
431,3,1,1,0,0,1
432,2,1,1,0,0,1
433,3,0,0,1,0,1
434,1,1,0,1,0,1
435,1,1,1,0,0,1
436,3,2,0,0,0,1
437,2,2,1,0,0,1
438,1,1,0,1,0,1
439,2,0,0,1,0,1
440,2,1,1,0,0,1
441,3,0,0,1,0,1
442,3,1,0,1,0,1
443,2,0,1,0,0,1
444,3,0,1,1,0,1
445,1,0,1,1,0,1
446,2,0,1,0,0,1
447,1,0,1,1,0,1
448,3,2,1,0,0,0
449,1,0,1,1,0,1
450,2,1,0,1,0,1
451,3,1,0,1,0,1
452,1,0,0,1,0,0
453,1,1,1,1,0,0
454,3,0,0,1,0,1
455,3,0,1,1,0,0
456,1,0,0,1,0,1
457,1,1,1,0,0,1
458,2,0,1,0,0,1
459,3,0,0,1,1,0
460,1,0,1,1,0,1
461,3,0,0,1,0,1
462,1,0,0,1,0,1
463,2,0,0,1,0,1
464,3,0,0,1,0,1
465,3,0,0,1,0,1
466,2,0,0,1,0,1
467,1,0,0,1,0,1
468,3,0,0,1,1,0
469,3,2,1,0,0,0
470,3,0,0,1,0,1
471,3,0,0,1,0,1
472,2,1,1,0,0,1
473,2,0,1,0,0,0
474,3,0,0,0,0,1
475,1,0,0,1,0,1
476,2,1,0,1,0,1
477,3,1,0,1,0,1
478,3,0,0,1,0,1
479,3,0,1,0,0,1
480,3,5,0,1,0,1
481,2,0,0,1,0,1
482,3,0,0,1,0,1
483,3,0,1,0,0,1
484,1,1,1,1,0,0
485,3,3,0,0,0,1
486,1,1,1,0,0,1
487,1,0,0,1,0,0
488,3,0,0,1,0,1
489,3,1,1,1,0,1
490,3,1,0,1,0,1
491,3,0,0,1,0,1
492,1,0,0,1,0,1
493,1,0,0,1,0,0
494,3,0,0,1,0,1
495,3,0,0,1,0,0
496,1,1,1,0,0,0
497,3,0,0,1,0,1
498,1,1,0,0,0,1
499,3,0,0,1,0,1
500,3,0,0,1,0,1
501,3,0,0,0,1,0
502,3,0,0,0,1,0
503,3,0,0,0,0,1
504,1,0,1,0,0,1
505,1,1,0,1,0,0
506,2,0,1,0,0,1
507,1,0,1,1,0,1
508,3,0,0,1,0,1
509,3,0,1,1,0,1
510,3,0,1,1,1,0
511,3,0,0,1,0,1
512,1,0,1,1,0,1
513,1,1,1,0,0,0
514,3,0,0,1,0,1
515,1,0,0,1,0,1
516,2,0,1,0,0,1
517,3,0,0,1,1,0
518,2,1,1,0,0,1
519,3,0,0,1,0,1
520,1,0,1,0,0,1
521,3,0,0,1,0,1
522,3,0,0,1,0,0
523,1,0,1,0,0,0
524,3,0,0,1,0,0
525,3,0,0,1,1,0
526,2,0,1,0,0,1
527,1,0,0,1,0,1
528,3,0,0,1,0,1
529,2,2,0,1,0,1
530,2,1,1,0,0,1
531,3,0,0,1,0,0
532,3,1,0,1,0,0
533,3,0,1,0,0,0
534,3,0,0,0,0,1
535,2,0,1,0,0,1
536,1,0,0,1,0,1
537,1,0,1,0,0,0
538,3,0,0,1,0,1
539,1,0,1,0,0,0
540,1,0,1,0,0,1
541,3,4,0,0,0,1
542,3,4,0,0,0,1
543,2,1,1,1,0,1
544,1,1,0,1,0,0
545,1,0,0,1,0,1
546,2,1,1,0,0,1
547,2,0,1,1,0,0
548,3,1,0,1,0,1
549,2,1,1,1,0,1
550,1,0,1,1,0,0
551,2,0,0,1,0,1
552,3,0,0,1,1,0
553,3,0,1,1,0,0
554,3,0,1,0,0,1
555,1,0,0,1,0,1
556,1,1,1,0,0,0
557,1,0,0,1,0,0
558,1,1,1,0,0,1
559,3,1,1,0,0,1
560,3,0,0,1,1,0
561,3,0,0,1,0,1
562,2,0,0,1,0,1
563,3,0,0,1,0,1
564,3,0,0,0,0,1
565,3,2,0,1,0,1
566,3,0,0,1,0,1
567,3,0,0,0,0,1
568,3,0,0,1,0,0
569,3,0,1,1,0,1
570,2,0,1,1,0,1
571,1,2,1,0,0,1
572,1,0,1,1,0,1
573,3,0,1,0,1,0
574,3,0,0,1,0,1
575,3,0,0,1,0,1
576,2,0,1,0,0,1
577,1,1,1,0,0,1
578,3,1,0,0,0,0
579,3,0,1,1,0,1
580,2,1,1,0,0,1
581,1,1,1,0,0,0
582,2,0,0,1,0,1
583,1,0,0,1,0,0
584,3,0,0,1,0,0
585,1,0,1,0,0,1
586,2,0,0,1,0,1
587,1,1,1,1,0,0
588,3,0,0,1,0,1
589,3,0,0,1,0,1
590,3,0,0,1,0,1
591,1,1,1,0,0,0
592,3,0,0,1,0,1
593,3,0,0,0,1,0
594,2,1,0,1,0,1
595,3,1,0,1,0,1
596,2,0,1,0,0,1
597,3,0,0,1,0,1
598,3,0,0,1,0,0
599,1,1,1,1,0,0
600,2,2,1,0,0,1
601,3,0,0,1,0,1
602,1,0,0,1,0,1
603,3,0,0,1,0,1
604,1,0,1,1,0,0
605,3,1,0,1,0,1
606,3,0,0,1,0,1
607,1,0,1,1,0,1
608,2,1,1,0,0,0
609,1,0,1,0,0,1
610,3,1,0,0,0,1
611,3,0,0,1,0,1
612,3,1,1,0,1,0
613,3,0,0,1,1,0
614,3,0,0,1,0,1
615,2,1,1,0,0,1
616,3,1,0,1,0,1
617,3,1,0,0,0,1
618,2,2,1,0,0,1
619,2,0,0,1,0,1
620,3,1,0,1,0,0
621,1,1,1,1,0,1
622,3,1,1,1,0,0
623,3,0,0,1,0,1
624,3,0,0,1,0,1
625,1,0,0,1,0,1
626,2,0,0,1,1,0
627,1,0,1,0,0,1
628,3,0,0,1,0,1
629,3,0,0,1,1,0
630,1,0,1,1,0,1
631,3,0,0,1,0,1
632,1,0,1,1,0,0
633,1,0,0,1,0,1
634,3,3,0,0,0,1
635,2,0,1,0,0,1
636,3,0,0,1,0,1
637,2,1,0,1,0,1
638,3,0,0,0,0,1
639,3,1,0,1,0,1
640,3,0,0,1,0,1
641,1,0,1,0,0,0
642,3,3,0,0,0,1
643,3,0,1,1,0,1
644,3,2,1,0,0,0
645,1,1,1,1,0,0
646,3,0,0,1,0,1
647,1,0,1,1,0,0
648,3,0,0,1,0,1
649,3,0,1,0,0,1
650,3,0,0,1,0,1
651,2,0,1,0,0,1
652,3,0,0,1,0,1
653,3,0,1,0,1,0
654,3,0,0,0,1,0
655,2,2,0,1,0,1
656,3,0,0,1,0,1
657,3,1,0,0,1,0
658,2,0,0,1,0,1
659,1,0,0,1,0,0
660,1,2,1,1,0,1
661,3,0,0,1,0,0
662,1,0,0,1,0,1
663,3,0,0,1,0,1
664,3,1,1,1,0,1
665,2,2,0,1,0,1
666,2,0,0,1,0,1
667,3,0,0,1,0,1
668,3,0,0,1,0,1
669,1,1,1,0,0,1
670,2,1,1,0,0,1
671,1,1,0,1,0,1
672,2,0,0,1,0,1
673,2,0,1,1,0,1
674,2,0,0,1,0,1
675,3,0,0,1,0,1
676,3,0,0,1,0,1
677,3,0,1,0,0,1
678,3,1,0,0,0,1
679,1,0,1,1,0,0
680,3,0,0,0,1,0
681,1,0,1,1,0,0
682,3,0,0,1,0,1
683,3,5,0,1,0,1
684,2,1,0,1,0,1
685,2,1,0,1,0,0
686,3,4,0,1,0,1
687,3,0,0,1,0,1
688,3,0,0,1,0,1
689,1,0,1,0,0,1
690,1,1,1,1,0,1
691,3,0,1,0,0,0
692,3,0,1,1,0,1
693,3,0,0,1,0,0
694,1,0,0,1,0,1
695,2,0,0,1,0,1
696,3,0,0,1,0,1
697,3,0,1,0,1,0
698,1,1,0,1,0,0
699,3,0,0,1,0,1
700,1,1,1,0,0,0
701,1,0,1,1,0,1
702,3,0,0,0,0,0
703,3,0,0,1,1,0
704,3,1,0,1,0,1
705,2,0,0,1,0,1
706,2,0,1,0,0,1
707,1,0,1,1,0,1
708,1,0,1,0,0,1
709,3,1,1,1,0,0
710,1,0,1,0,0,0
711,1,0,0,1,0,1
712,1,1,1,1,0,1
713,3,0,0,1,0,1
714,2,0,0,1,0,1
715,3,0,0,1,0,1
716,1,0,1,0,0,0
717,2,0,1,0,0,1
718,3,0,0,1,1,0
719,3,0,0,1,0,1
720,2,0,1,0,0,1
721,3,1,0,1,0,1
722,2,0,0,1,0,1
723,2,0,0,1,0,1
724,1,1,1,1,0,1
725,3,0,0,1,0,1
726,2,3,1,0,0,1
727,3,0,1,0,1,0
728,2,1,0,1,0,1
729,3,1,0,0,0,1
730,1,0,1,0,0,1
731,3,0,0,1,0,0
732,2,0,0,1,0,1
733,2,0,0,1,0,1
734,2,0,0,1,0,1
735,3,0,0,1,0,1
736,3,1,0,0,0,1
737,1,0,1,1,0,0
738,3,0,0,1,0,1
739,3,0,0,1,0,1
740,1,0,1,1,0,1
741,1,1,0,1,0,1
742,1,2,1,0,0,0
743,3,1,0,1,0,1
744,3,0,1,1,0,1
745,1,1,0,1,0,1
746,3,1,0,1,0,1
747,2,0,1,0,0,1
748,1,1,0,1,0,1
749,3,0,0,1,1,0
750,2,1,1,0,0,1
751,3,0,1,1,0,1
752,3,0,0,1,0,1
753,3,0,0,1,0,1
754,2,1,1,0,0,1
755,2,1,1,1,0,1
756,3,0,0,1,0,1
757,2,0,0,1,0,1
758,3,0,0,1,0,1
759,1,0,1,0,0,1
760,3,0,0,1,0,1
761,3,0,0,1,0,1
762,3,0,1,1,0,0
763,1,1,1,0,0,1
764,3,0,0,1,0,1
765,1,1,1,0,0,1
766,1,0,0,1,0,0
767,3,0,0,0,1,0
768,3,1,0,1,1,0
769,3,0,0,1,0,1
770,3,0,0,1,0,1
771,3,0,0,1,0,1
772,2,0,0,0,0,1
773,3,0,0,1,0,0
774,2,1,1,0,0,1
775,3,0,0,1,0,1
776,3,0,0,1,1,0
777,3,0,1,0,0,1
778,3,0,0,1,1,0
779,1,0,1,0,0,1
780,3,0,1,0,0,0
781,1,1,1,0,0,1
782,1,0,0,1,0,1
783,3,1,0,1,0,1
784,3,0,0,1,0,1
785,3,0,0,1,0,1
786,3,0,1,0,0,1
787,3,4,0,1,1,0
788,3,1,1,1,0,1
789,1,0,0,1,0,0
790,3,0,0,1,1,0
791,2,0,0,1,0,1
792,3,8,0,0,0,1
793,1,0,0,1,0,0
794,3,0,0,1,0,1
795,2,0,0,1,0,1
796,1,0,1,0,0,1
797,3,0,1,0,0,1
798,3,0,0,1,0,0
799,3,1,0,0,0,1
800,2,0,0,1,0,1
801,2,1,1,0,0,1
802,1,1,1,1,0,1
803,3,0,1,1,0,0
804,3,0,1,1,0,1
805,3,0,0,1,0,1
806,1,0,0,1,0,1
807,3,0,0,0,0,1
808,2,0,0,1,0,1
809,1,1,1,0,0,1
810,3,0,0,1,0,1
811,3,0,0,1,0,1
812,2,0,0,1,0,1
813,3,4,0,0,0,1
814,3,0,0,1,0,1
815,1,0,0,1,0,1
816,3,0,0,0,0,1
817,2,1,0,1,0,0
818,3,0,0,1,0,1
819,3,3,0,1,0,1
820,1,1,1,0,0,1
821,3,0,1,1,0,1
822,1,0,0,1,0,1
823,3,0,1,0,0,1
824,3,4,0,1,0,1
825,3,0,0,1,1,0
826,3,0,0,1,0,1
827,2,0,1,1,0,0
828,3,0,1,1,1,0
829,1,0,1,0,0,0
830,3,1,1,0,0,0
831,2,1,1,1,0,1
832,3,0,0,1,0,0
833,3,0,0,1,0,1
834,3,0,0,1,0,1
835,1,1,1,0,0,0
836,3,0,0,1,0,1
837,3,0,0,1,0,1
838,3,0,1,1,0,1
839,1,0,1,1,0,0
840,3,0,0,1,0,1
841,2,0,0,1,0,1
842,1,0,1,0,0,0
843,3,0,0,1,0,0
844,3,0,0,1,0,1
845,3,0,0,1,0,1
846,3,8,0,1,0,1
847,3,0,0,1,0,0
848,2,0,0,1,0,1
849,1,1,1,0,0,0
850,3,4,0,1,0,1
851,3,0,0,1,0,1
852,3,1,0,0,0,0
853,1,0,1,0,0,1
854,2,1,0,0,0,1
855,3,0,1,0,0,1
856,1,1,1,0,0,1
857,1,0,1,1,0,1
858,3,0,1,0,0,0
859,3,0,0,1,0,0
860,3,2,0,1,0,1
861,2,1,0,1,0,1
862,1,0,1,0,0,1
863,3,8,0,0,0,1
864,2,0,0,1,0,1
865,2,0,1,0,0,1
866,2,1,1,0,0,0
867,1,0,0,1,0,1
868,3,0,0,1,0,1
869,3,1,1,1,0,1
870,3,0,0,1,0,1
871,1,1,1,0,0,1
872,1,0,0,1,0,1
873,3,0,0,1,0,1
874,2,1,1,0,0,0
875,3,0,1,0,0,0
876,3,0,0,1,0,1
877,3,0,0,1,0,1
878,3,0,0,1,0,1
879,1,0,1,0,0,0
880,2,0,1,0,0,1
881,3,0,0,1,0,1
882,3,0,0,0,0,1
883,2,0,0,1,0,1
884,3,0,0,1,0,1
885,3,0,0,0,1,0
886,2,0,0,1,0,1
887,1,0,1,0,0,1
888,3,1,0,0,0,1
889,1,0,1,1,0,0
890,3,0,0,1,1,0
891,3,0,0,1,1,0
892,3,1,1,0,0,1
893,2,0,0,1,1,0
894,3,0,0,1,0,1
895,3,1,1,0,0,1
896,3,0,0,1,0,1
897,3,0,1,0,1,0
898,2,1,0,1,0,1
899,3,0,1,0,0,0
900,3,2,0,1,0,1
901,3,0,0,1,0,1
902,1,0,0,1,0,1
903,1,1,1,0,0,1
904,2,1,0,1,0,1
905,1,1,1,0,0,1
906,2,1,1,0,0,0
907,2,0,0,1,1,0
908,3,0,0,1,0,0
909,3,1,1,0,0,1
910,3,0,1,0,0,0
911,1,1,0,1,0,0
912,3,0,0,1,0,1
913,1,0,1,0,0,1
914,1,0,0,1,0,0
915,1,1,1,0,0,0
916,3,1,0,1,0,1
917,1,0,1,0,0,0
918,3,0,0,1,0,0
919,1,0,0,1,0,1
920,3,2,0,1,0,0
921,2,1,0,1,0,1
922,2,2,0,1,0,1
923,3,1,1,0,0,1
924,3,1,1,0,0,1
925,1,1,0,1,0,0
926,3,0,0,1,0,0
927,3,0,1,0,0,1
928,3,0,1,0,0,1
929,3,0,0,1,0,1
930,3,0,0,1,0,1
931,3,0,0,1,0,0
932,1,0,0,1,0,1
933,3,0,0,1,0,1
934,2,0,1,0,0,1
935,1,1,1,0,0,1
936,3,0,0,1,0,1
937,1,0,0,1,0,0
938,3,0,0,1,1,0
939,1,0,1,0,0,0
940,3,0,1,0,0,1
941,1,1,0,1,0,1
942,2,0,0,1,0,0
943,2,2,1,0,0,1
944,1,3,1,0,0,1
945,2,0,0,1,0,0
946,3,4,0,1,1,0
947,3,0,0,1,0,1
948,3,0,0,1,0,1
949,3,1,0,1,0,1
950,1,0,1,0,0,0
951,3,0,0,1,0,1
952,2,0,0,1,0,1
953,3,0,0,1,0,1
954,3,0,1,0,1,0
955,1,2,0,1,0,0
956,2,0,1,0,0,1
957,3,0,1,0,1,0
958,1,0,0,1,0,1
959,1,0,0,1,0,0
960,1,1,1,0,0,1
961,3,0,1,0,1,0
962,3,0,0,1,0,1
963,3,0,1,0,0,1
964,1,0,0,1,0,0
965,1,0,1,0,0,0
966,1,0,0,1,0,0
967,3,0,0,1,0,1
968,1,2,1,0,0,1
969,2,0,0,1,0,1
970,3,0,1,0,1,0
971,3,1,0,1,0,0
972,1,1,0,1,0,1
973,1,0,0,1,0,1
974,3,0,0,1,0,1
975,2,0,0,1,1,0
976,3,1,0,1,0,0
977,3,0,1,0,1,0
978,3,0,1,0,0,1
979,3,0,1,0,1,0
980,2,1,0,1,0,1
981,3,1,1,0,0,1
982,3,0,0,1,0,1
983,1,1,1,0,0,1
984,3,0,0,1,0,1
985,1,0,0,1,0,0
986,3,0,0,1,0,1
987,1,1,1,0,0,1
988,3,0,0,1,0,1
989,3,0,1,0,0,1
990,3,0,0,1,0,1
991,1,1,1,0,0,0
992,2,1,0,1,0,1
993,3,0,0,1,1,0
994,3,0,0,1,0,1
995,3,1,1,0,0,0
996,3,0,0,1,0,1
997,3,0,0,1,1,0
998,3,0,0,1,1,0
999,3,0,0,1,0,1
1000,2,0,0,1,0,1
1001,2,0,0,1,0,0
1002,3,0,1,0,1,0
1003,1,0,1,0,0,0
1004,3,0,1,0,1,0
1005,1,1,1,0,0,1
1006,3,1,0,1,0,0
1007,3,0,0,1,0,0
1008,3,1,1,0,0,1
1009,1,0,0,1,0,0
1010,2,1,1,0,0,1
1011,2,0,1,0,0,1
1012,3,1,0,1,1,0
1013,1,1,1,0,0,0
1014,3,0,0,1,0,1
1015,3,0,0,1,1,0
1016,3,0,1,0,0,1
1017,3,0,0,1,0,1
1018,3,2,1,0,1,0
1019,2,0,0,1,0,1
1020,3,0,0,1,0,1
1021,3,0,0,1,0,1
1022,1,0,0,1,0,0
1023,3,0,1,0,0,1
1024,3,1,0,1,0,0
1025,3,0,0,1,0,1
1026,3,0,0,1,0,1
1027,3,0,0,1,0,0
1028,2,0,0,1,0,1
1029,3,0,1,0,0,1
1030,3,1,0,1,0,1
1031,3,5,1,0,0,1
1032,1,0,1,0,0,1
1033,1,1,0,1,0,0
1034,2,0,0,1,0,1
1035,1,0,0,1,0,1
1036,3,3,0,1,0,1
1037,1,0,0,1,0,1
1038,3,0,0,1,0,1
1039,1,0,0,1,0,1
1040,2,1,0,1,0,1
1041,1,0,1,0,0,0
1042,3,0,0,1,0,0
1043,3,0,0,1,0,1
1044,3,0,1,0,0,1
1045,3,4,0,1,0,1
1046,3,0,0,1,0,1
1047,1,0,1,0,0,1
1048,3,0,1,0,0,1
1049,1,0,0,1,0,1
1050,3,0,1,0,0,1
1051,3,0,1,0,1,0
1052,3,1,0,1,0,0
1053,2,0,1,0,0,1
1054,3,0,0,1,0,1
1055,2,0,0,1,0,1
1056,3,1,1,0,0,1
1057,1,0,0,1,0,0
1058,3,2,0,1,0,1
1059,1,0,1,0,0,0
1060,3,0,1,0,0,1
1061,3,0,0,1,0,1
1062,3,0,0,1,0,0
1063,3,1,0,1,0,1
1064,3,0,0,1,0,0
1065,3,1,0,1,0,1
1066,2,0,1,0,0,1
1067,2,0,1,0,0,1
1068,1,1,0,1,0,0
1069,2,0,1,0,0,1
1070,1,0,1,0,0,0
1071,2,0,0,1,0,1
1072,1,1,0,1,0,0
1073,1,1,1,0,0,1
1074,3,0,0,1,1,0
1075,1,1,1,0,0,0
1076,2,0,0,1,0,1
1077,2,0,1,0,0,1
1078,3,2,0,1,0,1
1079,3,8,1,0,0,1
1080,2,0,0,1,0,1
1081,2,1,0,1,0,1
1082,1,0,0,1,0,1
1083,3,1,0,1,0,1
1084,2,0,0,1,1,0
1085,2,0,0,1,0,1
1086,3,0,0,1,0,1
1087,1,0,0,1,0,0
1088,3,0,1,0,0,1
1089,2,0,0,1,0,1
1090,3,0,1,0,0,1
1091,3,0,1,0,1,0
1092,3,0,0,1,0,1
1093,1,1,0,1,0,0
1094,2,1,1,0,0,1
1095,2,0,0,1,0,1
1096,1,0,0,1,0,0
1097,3,0,1,0,1,0
1098,2,0,0,1,0,1
1099,1,0,1,0,0,0
1100,3,0,0,1,0,1
1101,3,0,0,1,0,1
1102,3,0,0,1,0,1
1103,2,0,0,1,0,1
1104,2,1,1,0,0,1
1105,3,4,1,0,0,1
1106,1,0,0,1,0,1
1107,3,0,1,0,1,0
1108,1,1,0,1,0,1
1109,1,1,1,0,0,0
1110,3,0,0,1,0,1
1111,2,1,1,0,0,0
1112,3,0,0,1,0,1
1113,2,0,1,0,0,1
1114,3,0,0,1,0,1
1115,1,0,1,0,0,0
1116,3,0,1,0,0,0
1117,3,0,0,1,0,1
1118,3,0,1,0,1,0
1119,3,0,0,1,0,1
1120,2,0,0,1,0,1
1121,2,0,0,1,0,1
1122,1,0,1,0,0,1
1123,3,1,0,1,0,1
1124,3,0,0,1,1,0
1125,1,1,0,1,0,0
1126,3,0,0,1,0,1
1127,1,1,0,1,0,0
1128,3,0,0,1,0,0
1129,2,1,1,0,0,1
1130,1,1,1,0,0,0
1131,1,0,1,0,0,0
1132,2,0,1,0,0,1
1133,1,1,0,1,0,0
1134,3,0,0,1,0,1
1135,3,1,0,1,0,1
1136,1,1,0,1,0,1
1137,2,0,1,0,0,1
1138,2,1,0,1,0,1
1139,2,1,1,0,0,1
1140,3,1,1,0,0,0
1141,2,1,1,0,0,1
1142,3,0,0,1,0,1
1143,1,1,0,1,0,0
1144,3,0,0,1,0,1
1145,3,0,0,1,0,1
1146,3,0,0,1,0,1
1147,3,0,0,1,1,0
1148,3,0,0,1,0,1
1149,2,0,1,0,0,1
1150,3,0,0,1,0,1
1151,3,1,0,1,0,1
1152,3,0,0,1,0,1
1153,2,0,1,0,0,1
1154,3,1,1,0,0,1
1155,2,0,0,1,0,0
1156,3,0,0,1,0,1
1157,1,0,0,1,0,1
1158,3,0,0,1,0,1
1159,3,0,1,0,0,1
1160,3,0,0,1,0,1
1161,1,0,0,1,0,0
1162,3,0,0,1,1,0
1163,1,1,1,0,0,0
1164,3,1,1,0,1,0
1165,3,0,0,1,0,0
1166,2,1,1,0,0,1
1167,2,0,0,1,0,1
1168,2,1,0,1,0,1
1169,2,1,0,1,0,1
1170,2,0,0,1,0,1
1171,3,0,1,0,0,1
1172,3,1,0,1,0,1
1173,3,0,1,0,1,0
1174,3,1,1,0,0,0
1175,3,1,1,0,0,1
1176,3,0,0,1,0,1
1177,3,0,0,1,0,1
1178,1,1,0,1,0,1
1179,3,0,0,1,0,0
1180,3,0,0,1,0,1
1181,1,0,0,1,0,1
1182,3,0,1,0,1,0
1183,3,0,0,1,0,0
1184,1,1,0,1,0,1
1185,3,0,0,1,0,1
1186,3,0,0,1,0,1
1187,2,1,1,0,0,0
1188,3,2,0,1,0,0
1189,1,0,0,1,0,1
1190,3,0,0,1,0,1
1191,3,0,0,1,0,1
1192,2,0,0,1,0,0
1193,2,0,0,1,0,1
1194,3,0,0,1,0,1
1195,3,0,1,0,1,0
1196,1,1,1,0,0,1
1197,1,1,0,1,0,1
1198,3,0,0,1,0,1
1199,1,1,0,1,0,1
1200,3,1,1,0,0,1
1201,3,0,0,1,0,1
1202,3,0,0,1,0,0
1203,3,0,0,1,0,1
1204,3,0,1,0,1,0
1205,1,0,1,0,0,0
1206,3,0,1,0,1,0
1207,1,1,0,1,0,0
1208,2,0,0,1,0,1
1209,3,0,0,1,0,1
1210,2,2,0,1,0,1
1211,3,0,0,1,0,1
1212,3,0,0,1,0,0
1213,2,0,0,1,0,1
1214,1,0,0,1,0,1
1215,1,0,1,0,0,1
1216,3,0,0,1,0,1
1217,2,2,1,0,0,1
1218,1,0,0,1,0,0
1219,2,1,0,1,0,1
1220,2,0,0,1,0,1
1221,2,0,1,0,0,1
1222,1,0,0,1,0,0
1223,3,0,0,1,0,0
1224,3,1,1,0,0,0
1225,3,0,0,1,0,1
1226,1,0,0,1,0,1
1227,2,0,0,1,0,1
1228,3,0,0,1,0,0
1229,2,0,0,1,0,1
1230,3,0,0,1,0,0
1231,2,0,0,1,0,1
1232,3,0,0,1,0,1
1233,3,1,0,1,0,1
1234,1,0,1,0,0,0
1235,3,1,0,1,0,1
1236,3,0,1,0,0,1
1237,2,0,0,1,0,1
1238,3,0,1,0,0,0
1239,2,0,0,1,0,1
1240,2,0,1,0,0,1
1241,1,0,1,0,0,0
1242,2,0,0,1,0,1
1243,2,0,0,1,0,1
1244,2,1,0,1,0,1
1245,3,1,1,0,0,1
1246,1,0,0,1,0,1
1247,1,2,1,0,0,1
1248,3,0,0,1,0,1
1249,3,0,0,1,1,0
1250,3,1,1,0,0,1
1251,3,8,0,1,0,1
1252,2,1,1,0,0,0
1253,2,0,1,0,0,1
1254,3,0,0,1,0,1
1255,1,1,1,0,0,0
1256,3,1,1,0,0,1
1257,3,1,0,1,0,0
1258,3,0,1,0,0,1
1259,1,0,1,0,0,0
1260,2,0,0,1,0,0
1261,2,1,0,1,0,1
1262,1,0,1,0,0,0
1263,1,0,0,1,0,1
1264,2,0,0,1,0,1
1265,1,1,1,0,0,1
1266,1,0,1,0,0,0
1267,3,2,1,0,0,1
1268,2,0,0,1,0,1
1269,1,0,0,1,0,1
1270,3,4,0,1,0,1
1271,3,0,0,1,1,0
1272,3,0,0,1,1,0
1273,3,0,1,0,0,1
1274,3,1,1,0,0,1
1275,2,0,0,1,0,1
1276,2,1,1,0,0,1
1277,3,0,0,1,0,1
1278,2,0,0,1,0,1
1279,3,0,0,1,1,0
1280,3,3,0,1,0,1
1281,1,0,0,1,0,1
1282,1,0,1,0,0,1
1283,3,0,0,1,0,1
1284,2,0,0,1,0,1
1285,3,3,0,1,0,1
1286,1,1,1,0,0,1
1287,3,0,0,1,1,0
1288,1,1,1,0,0,0
1289,3,0,0,1,0,1
1290,3,0,0,1,1,0
1291,1,0,1,0,0,1
1292,2,1,0,1,0,1
1293,1,0,1,0,0,0
1294,1,0,0,1,0,1
1295,1,1,0,1,0,0
1296,2,0,0,1,0,0
1297,2,1,0,1,0,1
1298,1,1,0,1,0,0
1299,3,0,1,0,1,0
1300,3,1,1,0,0,1
1301,3,0,1,0,1,0
1302,1,1,1,0,1,0
1303,3,0,1,0,0,1
1304,3,0,0,1,0,1
1305,1,0,1,0,0,0
1306,3,0,0,1,0,1
1307,3,0,0,1,0,1
1308,3,1,0,1,0,0
